{"base_url":"","routes":{"admin_common_notifications":{"tokens":[["text","\/common\/notifications"]],"defaults":[],"requirements":[],"hosttokens":[],"methods":["POST"],"schemes":[]},"admin_product_form":{"tokens":[["variable","\/","\\d+","id"],["text","\/sell\/catalog\/products"]],"defaults":[],"requirements":{"id":"\\d+"},"hosttokens":[],"methods":["GET","POST"],"schemes":[]},"admin_feature_get_feature_values":{"tokens":[["variable","\/","\\d+","idFeature"],["text","\/sell\/catalog\/products\/features"]],"defaults":{"idFeature":0},"requirements":{"idFeature":"\\d+"},"hosttokens":[],"methods":["GET"],"schemes":[]},"admin_products_combinations":{"tokens":[["text","\/combinations"],["variable","\/","[^\/]++","productId"],["text","\/sell\/catalog\/products-v2"]],"defaults":[],"requirements":[],"hosttokens":[],"methods":["GET"],"schemes":[]},"admin_products_combinations_ids":{"tokens":[["text","\/combinations\/ids"],["variable","\/","[^\/]++","productId"],["text","\/sell\/catalog\/products-v2"]],"defaults":[],"requirements":[],"hosttokens":[],"methods":["GET"],"schemes":[]},"admin_products_combinations_update_combination_from_listing":{"tokens":[["text","\/update-combination-from-listing"],["variable","\/","\\d+","combinationId"],["text","\/sell\/catalog\/products-v2\/combinations"]],"defaults":[],"requirements":{"combinationId":"\\d+"},"hosttokens":[],"methods":["PATCH"],"schemes":[]},"admin_products_combinations_edit_combination":{"tokens":[["text","\/edit"],["variable","\/","\\d+","combinationId"],["text","\/sell\/catalog\/products-v2\/combinations"]],"defaults":[],"requirements":{"combinationId":"\\d+"},"hosttokens":[],"methods":["GET","POST"],"schemes":[]},"admin_products_combinations_remove_combination":{"tokens":[["text","\/remove"],["variable","\/","\\d+","combinationId"],["text","\/sell\/catalog\/products-v2\/combinations"]],"defaults":[],"requirements":{"combinationId":"\\d+"},"hosttokens":[],"methods":["DELETE"],"schemes":[]},"admin_products_attribute_groups":{"tokens":[["text","\/attribute-groups"],["variable","\/","[^\/]++","productId"],["text","\/sell\/catalog\/products-v2"]],"defaults":[],"requirements":[],"hosttokens":[],"methods":["GET"],"schemes":[]},"admin_all_attribute_groups":{"tokens":[["text","\/sell\/catalog\/products-v2\/all-attribute-groups"]],"defaults":[],"requirements":[],"hosttokens":[],"methods":["GET"],"schemes":[]},"admin_products_combinations_generate":{"tokens":[["variable","\/","[^\/]++","productId"],["text","\/sell\/catalog\/products-v2\/generate-combinations"]],"defaults":[],"requirements":[],"hosttokens":[],"methods":["POST"],"schemes":[]},"admin_products_v2_get_images":{"tokens":[["text","\/images"],["variable","\/","\\d+","productId"],["text","\/sell\/catalog\/products-v2"]],"defaults":[],"requirements":{"productId":"\\d+"},"hosttokens":[],"methods":["GET"],"schemes":[]},"admin_products_v2_add_image":{"tokens":[["text","\/sell\/catalog\/products-v2\/images\/add"]],"defaults":[],"requirements":[],"hosttokens":[],"methods":["POST"],"schemes":[]},"admin_products_v2_update_image":{"tokens":[["text","\/update"],["variable","\/","\\d+","productImageId"],["text","\/sell\/catalog\/products-v2\/images"]],"defaults":[],"requirements":{"productImageId":"\\d+"},"hosttokens":[],"methods":["PATCH"],"schemes":[]},"admin_products_v2_delete_image":{"tokens":[["text","\/delete"],["variable","\/","\\d+","productImageId"],["text","\/sell\/catalog\/products-v2\/images"]],"defaults":[],"requirements":{"productImageId":"\\d+"},"hosttokens":[],"methods":["POST"],"schemes":[]},"admin_categories_get_categories_tree":{"tokens":[["text","\/sell\/catalog\/categories\/tree"]],"defaults":[],"requirements":[],"hosttokens":[],"methods":["GET"],"schemes":[]},"admin_cart_rules_search":{"tokens":[["text","\/sell\/catalog\/cart-rules\/search"]],"defaults":[],"requirements":[],"hosttokens":[],"methods":["GET"],"schemes":[]},"admin_customers_view":{"tokens":[["text","\/view"],["variable","\/","\\d+","customerId"],["text","\/sell\/customers"]],"defaults":[],"requirements":{"customerId":"\\d+"},"hosttokens":[],"methods":["GET","POST"],"schemes":[]},"admin_customers_search":{"tokens":[["text","\/sell\/customers\/search"]],"defaults":[],"requirements":[],"hosttokens":[],"methods":["GET"],"schemes":[]},"admin_customers_carts":{"tokens":[["text","\/carts"],["variable","\/","\\d+","customerId"],["text","\/sell\/customers"]],"defaults":[],"requirements":{"customerId":"\\d+"},"hosttokens":[],"methods":["GET"],"schemes":[]},"admin_customers_orders":{"tokens":[["text","\/orders"],["variable","\/","\\d+","customerId"],["text","\/sell\/customers"]],"defaults":[],"requirements":{"customerId":"\\d+"},"hosttokens":[],"methods":["GET"],"schemes":[]},"admin_addresses_create":{"tokens":[["text","\/sell\/addresses\/new"]],"defaults":[],"requirements":[],"hosttokens":[],"methods":["GET","POST"],"schemes":[]},"admin_addresses_edit":{"tokens":[["text","\/edit"],["variable","\/","\\d+","addressId"],["text","\/sell\/addresses"]],"defaults":[],"requirements":{"addressId":"\\d+"},"hosttokens":[],"methods":["GET","POST"],"schemes":[]},"admin_order_addresses_edit":{"tokens":[["text","\/edit"],["variable","\/","delivery|invoice","addressType"],["variable","\/","\\d+","orderId"],["text","\/sell\/addresses\/order"]],"defaults":[],"requirements":{"orderId":"\\d+","addressType":"delivery|invoice"},"hosttokens":[],"methods":["GET","POST"],"schemes":[]},"admin_cart_addresses_edit":{"tokens":[["text","\/edit"],["variable","\/","delivery|invoice","addressType"],["variable","\/","\\d+","cartId"],["text","\/sell\/addresses\/cart"]],"defaults":[],"requirements":{"cartId":"\\d+","addressType":"delivery|invoice"},"hosttokens":[],"methods":["GET","POST"],"schemes":[]},"admin_carts_view":{"tokens":[["text","\/view"],["variable","\/","\\d+","cartId"],["text","\/sell\/orders\/carts"]],"defaults":[],"requirements":{"cartId":"\\d+"},"hosttokens":[],"methods":["GET"],"schemes":[]},"admin_carts_info":{"tokens":[["text","\/info"],["variable","\/","\\d+","cartId"],["text","\/sell\/orders\/carts"]],"defaults":[],"requirements":{"cartId":"\\d+"},"hosttokens":[],"methods":["GET"],"schemes":[]},"admin_carts_create":{"tokens":[["text","\/sell\/orders\/carts\/new"]],"defaults":[],"requirements":[],"hosttokens":[],"methods":["POST"],"schemes":[]},"admin_carts_edit_addresses":{"tokens":[["text","\/addresses"],["variable","\/","\\d+","cartId"],["text","\/sell\/orders\/carts"]],"defaults":[],"requirements":{"cartId":"\\d+"},"hosttokens":[],"methods":["POST"],"schemes":[]},"admin_carts_edit_carrier":{"tokens":[["text","\/carrier"],["variable","\/","\\d+","cartId"],["text","\/sell\/orders\/carts"]],"defaults":[],"requirements":{"cartId":"\\d+"},"hosttokens":[],"methods":["POST"],"schemes":[]},"admin_carts_edit_currency":{"tokens":[["text","\/currency"],["variable","\/","\\d+","cartId"],["text","\/sell\/orders\/carts"]],"defaults":[],"requirements":{"cartId":"\\d+"},"hosttokens":[],"methods":["POST"],"schemes":[]},"admin_carts_edit_language":{"tokens":[["text","\/language"],["variable","\/","\\d+","cartId"],["text","\/sell\/orders\/carts"]],"defaults":[],"requirements":{"cartId":"\\d+"},"hosttokens":[],"methods":["POST"],"schemes":[]},"admin_carts_set_delivery_settings":{"tokens":[["text","\/rules\/delivery-settings"],["variable","\/","\\d+","cartId"],["text","\/sell\/orders\/carts"]],"defaults":[],"requirements":{"cartId":"\\d+"},"hosttokens":[],"methods":["POST"],"schemes":[]},"admin_carts_add_cart_rule":{"tokens":[["text","\/cart-rules"],["variable","\/","[^\/]++","cartId"],["text","\/sell\/orders\/carts"]],"defaults":[],"requirements":[],"hosttokens":[],"methods":["POST"],"schemes":[]},"admin_carts_delete_cart_rule":{"tokens":[["text","\/delete"],["variable","\/","[^\/]++","cartRuleId"],["text","\/cart-rules"],["variable","\/","[^\/]++","cartId"],["text","\/sell\/orders\/carts"]],"defaults":[],"requirements":[],"hosttokens":[],"methods":["POST"],"schemes":[]},"admin_carts_add_product":{"tokens":[["text","\/products"],["variable","\/","\\d+","cartId"],["text","\/sell\/orders\/carts"]],"defaults":[],"requirements":{"cartId":"\\d+"},"hosttokens":[],"methods":["POST"],"schemes":[]},"admin_carts_edit_product_price":{"tokens":[["text","\/price"],["variable","\/","\\d+","productId"],["text","\/products"],["variable","\/","\\d+","cartId"],["text","\/sell\/orders\/carts"]],"defaults":[],"requirements":{"cartId":"\\d+","productId":"\\d+"},"hosttokens":[],"methods":["POST"],"schemes":[]},"admin_carts_edit_product_quantity":{"tokens":[["text","\/quantity"],["variable","\/","\\d+","productId"],["text","\/products"],["variable","\/","\\d+","cartId"],["text","\/sell\/orders\/carts"]],"defaults":[],"requirements":{"cartId":"\\d+","productId":"\\d+"},"hosttokens":[],"methods":["POST"],"schemes":[]},"admin_carts_delete_product":{"tokens":[["text","\/delete-product"],["variable","\/","\\d+","cartId"],["text","\/sell\/orders\/carts"]],"defaults":[],"requirements":{"cartId":"\\d+"},"hosttokens":[],"methods":["POST"],"schemes":[]},"admin_orders_place":{"tokens":[["text","\/sell\/orders\/place"]],"defaults":[],"requirements":[],"hosttokens":[],"methods":["POST"],"schemes":[]},"admin_orders_view":{"tokens":[["text","\/view"],["variable","\/","\\d+","orderId"],["text","\/sell\/orders"]],"defaults":[],"requirements":{"orderId":"\\d+"},"hosttokens":[],"methods":["GET","POST"],"schemes":[]},"admin_orders_duplicate_cart":{"tokens":[["text","\/duplicate-cart"],["variable","\/","\\d+","orderId"],["text","\/sell\/orders"]],"defaults":[],"requirements":{"orderId":"\\d+"},"hosttokens":[],"methods":["POST"],"schemes":[]},"admin_orders_update_product":{"tokens":[["variable","\/","\\d+","orderDetailId"],["text","\/products"],["variable","\/","\\d+","orderId"],["text","\/sell\/orders"]],"defaults":[],"requirements":{"orderId":"\\d+","orderDetailId":"\\d+"},"hosttokens":[],"methods":["POST"],"schemes":[]},"admin_orders_partial_refund":{"tokens":[["text","\/partial-refund"],["variable","\/","\\d+","orderId"],["text","\/sell\/orders"]],"defaults":[],"requirements":{"orderId":"\\d+"},"hosttokens":[],"methods":["POST"],"schemes":[]},"admin_orders_standard_refund":{"tokens":[["text","\/standard-refund"],["variable","\/","\\d+","orderId"],["text","\/sell\/orders"]],"defaults":[],"requirements":{"orderId":"\\d+"},"hosttokens":[],"methods":["POST"],"schemes":[]},"admin_orders_return_product":{"tokens":[["text","\/return-product"],["variable","\/","\\d+","orderId"],["text","\/sell\/orders"]],"defaults":[],"requirements":{"orderId":"\\d+"},"hosttokens":[],"methods":["POST"],"schemes":[]},"admin_orders_send_process_order_email":{"tokens":[["text","\/sell\/orders\/process-order-email"]],"defaults":[],"requirements":[],"hosttokens":[],"methods":["POST"],"schemes":[]},"admin_orders_add_product":{"tokens":[["text","\/products"],["variable","\/","\\d+","orderId"],["text","\/sell\/orders"]],"defaults":[],"requirements":{"orderId":"\\d+"},"hosttokens":[],"methods":["POST"],"schemes":[]},"admin_orders_delete_product":{"tokens":[["text","\/delete"],["variable","\/","\\d+","orderDetailId"],["text","\/products"],["variable","\/","\\d+","orderId"],["text","\/sell\/orders"]],"defaults":[],"requirements":{"orderId":"\\d+","orderDetailId":"\\d+"},"hosttokens":[],"methods":["POST"],"schemes":[]},"admin_orders_get_discounts":{"tokens":[["text","\/discounts"],["variable","\/","\\d+","orderId"],["text","\/sell\/orders"]],"defaults":[],"requirements":{"orderId":"\\d+"},"hosttokens":[],"methods":["GET"],"schemes":[]},"admin_orders_get_prices":{"tokens":[["text","\/prices"],["variable","\/","\\d+","orderId"],["text","\/sell\/orders"]],"defaults":[],"requirements":{"orderId":"\\d+"},"hosttokens":[],"methods":["GET"],"schemes":[]},"admin_orders_get_payments":{"tokens":[["text","\/payments"],["variable","\/","\\d+","orderId"],["text","\/sell\/orders"]],"defaults":[],"requirements":{"orderId":"\\d+"},"hosttokens":[],"methods":["GET"],"schemes":[]},"admin_orders_get_products":{"tokens":[["text","\/products"],["variable","\/","\\d+","orderId"],["text","\/sell\/orders"]],"defaults":[],"requirements":{"orderId":"\\d+"},"hosttokens":[],"methods":["GET"],"schemes":[]},"admin_orders_get_invoices":{"tokens":[["text","\/invoices"],["variable","\/","\\d+","orderId"],["text","\/sell\/orders"]],"defaults":[],"requirements":{"orderId":"\\d+"},"hosttokens":[],"methods":["GET"],"schemes":[]},"admin_orders_get_documents":{"tokens":[["text","\/documents"],["variable","\/","\\d+","orderId"],["text","\/sell\/orders"]],"defaults":[],"requirements":{"orderId":"\\d+"},"hosttokens":[],"methods":["GET"],"schemes":[]},"admin_orders_get_shipping":{"tokens":[["text","\/shipping"],["variable","\/","\\d+","orderId"],["text","\/sell\/orders"]],"defaults":[],"requirements":{"orderId":"\\d+"},"hosttokens":[],"methods":["GET"],"schemes":[]},"admin_orders_cancellation":{"tokens":[["text","\/cancellation"],["variable","\/","\\d+","orderId"],["text","\/sell\/orders"]],"defaults":[],"requirements":{"orderId":"\\d+"},"hosttokens":[],"methods":["POST"],"schemes":[]},"admin_orders_configure_product_pagination":{"tokens":[["text","\/sell\/orders\/configure-product-pagination"]],"defaults":[],"requirements":[],"hosttokens":[],"methods":["POST"],"schemes":[]},"admin_orders_product_prices":{"tokens":[["text","\/products\/prices"],["variable","\/","\\d+","orderId"],["text","\/sell\/orders"]],"defaults":[],"requirements":{"orderId":"\\d+"},"hosttokens":[],"methods":["GET"],"schemes":[]},"admin_orders_products_search":{"tokens":[["text","\/sell\/orders\/products\/search"]],"defaults":[],"requirements":[],"hosttokens":[],"methods":["GET"],"schemes":[]},"admin_shops_search":{"tokens":[["variable","\/","[^\/]++","searchTerm"],["text","\/configure\/advanced\/shops\/search"]],"defaults":[],"requirements":[],"hosttokens":[],"methods":["GET"],"schemes":[]}},"prefix":"","host":"localhost","port":"","scheme":"http","locale":""}